"email","nombre","sector","website","ciudad","fecha"
"info@asesoria-fiscal.org","Asesoría-fiscal.org","gestoria","https://asesoria-fiscal.org/huelva/","Huelva y pueblos","2026-05-21"
"asesoria@ofila-asesores.com","Huelva","gestoria","https://www.asesoriaofilahuelva.com/category/huelva/page/2/","Huelva y pueblos","2026-05-21"
"atencionalciudadanohccc.sspa@juntadeandalucia.es","Servicio Andaluz de Salud","gestoria","https://www.sspa.juntadeandalucia.es/servicioandaluzdesalud/el-sas/servicios-y-centros/informacion-por-centros/23606","Huelva y pueblos","2026-05-21"
"dpo@davante.es","Convocatorias Huelva","gestoria","https://www.opobusca.com/convocatorias/huelva","Huelva y pueblos","2026-05-21"
"info@franquiciadirecta.com","España","gestoria","https://www.franquiciadirecta.com/franquiciadeespana/huelva/326/","Huelva y pueblos","2026-05-21"
"eco@ecolonomia.es","Palos Asesores","asesoria fiscal","https://www.ecolonomia.es/","Huelva y pueblos","2026-05-21"
"protecciondedatos@uhu.es","www.uhu.es","asesoria laboral","https://www.uhu.es/prevencion-riesgos-laborales/sites/prevencion-riesgos-laborales/files/2023-04/Plan%20de%20Prevenci%C3%B3n%20de%20Riesgos%20Laborales%20UHU.%20Definitivo_4.pdf","Huelva y pueblos","2026-05-21"
"despacho@ramosmesonero.com","Abogado Negligencias MÃ©dicas en Huelva","abogado","https://ramosmesonero.com/abogado-negligencias-medicas_huelva.html","Huelva y pueblos","2026-05-21"
"publicidad@huelvainformacion.es","Huelva Información","abogado","https://www.huelvainformacion.es/bc-huelva/abogado-javier-dominguez-une-gaudia_0_2004014971.html","Huelva y pueblos","2026-05-21"
"mmartin2161@icahuelva.es","Martín Carrasco","abogado","https://martincarrascoabogados.com/abogado-reclamaciones-huelva/reclamacion-danos-perjuicios/","Huelva y pueblos","2026-05-21"
"info@icahuelva.es","www.icahuelva.es","abogado","http://www.icahuelva.es/wp-content/uploads/2017/10/ICAH-01.pdf","Huelva y pueblos","2026-05-21"
"a.@WU.hVoD","www.huelva.es","abogado","http://www.huelva.es/archivo/BIBLIOTECA_DIGITAL/04416/R_04416-compressed.pdf","Huelva y pueblos","2026-05-21"
"defensor@defensordelpuebloandaluz.es","Defensor del Pueblo Andaluz","abogado","https://www.defensordelpuebloandaluz.es/","Huelva y pueblos","2026-05-21"
"info@speechware.be","www.asoc-abogadosdelestado.es","abogado","https://www.asoc-abogadosdelestado.es/files/uploads/file/9ac60435-0afd-4c6b-a45c-80c1fcb58ed1/revista-48.pdf","Huelva y pueblos","2026-05-21"
"maria@martinezprocuradorhuelva.com","María Martínez López Procuradora -","abogado","https://martinezprocuradorhuelva.com/partidos-judiciales/","Huelva y pueblos","2026-05-21"
"colegio@andalucia.notariado.org","Huelva","notaria","https://andalucia.notariado.org/portal/huelva","Huelva y pueblos","2026-05-21"
"direccion@periodicospuntocero.com","Periódicos Punto Cero","notaria","https://periodicospuntocero.com/2023/11/carmen-toledo-notaria-cuando-era-pequena-he-pasado-horas-y-horas-acompanando-a-mi-padre-en-este-mismo-despacho/","Huelva y pueblos","2026-05-21"
"mapglez@hotmail.com","Demandas de Empleo","notaria","https://www.notariosyregistradores.com/web/demandas-de-empleo/comment-page-25/","Huelva y pueblos","2026-05-21"
"info@daviddominguezarquitecto.com","David Domínguez Arquitecto","arquitecto","https://www.daviddominguezarquitecto.com/","Huelva y pueblos","2026-05-21"
"wZ@-.OB","www.iaph.es","arquitecto","https://www.iaph.es/export/sites/default/galerias/documentacion_migracion/Conferencia_PC/1319187730326_final-pdf-baja_resolucion.pdf","Huelva y pueblos","2026-05-21"
"sfera@sferaproyectoambiental.com","Consultora Ambiental en Huelva","consultora","https://www.sferaproyectoambiental.com/mas-sfera/somos-globales/consultora-ambiental-huelva","Huelva y pueblos","2026-05-21"
"ht@huelvatelecom.com","huelvatelecom.com","consultora","https://huelvatelecom.com/telecomunicaciones-huelva.php","Huelva y pueblos","2026-05-21"
"info@almanatura.com","20 proyectos emprendedores rurales de la Sierra de Huelva se potencian a partir ","consultora","https://almanatura.com/2022/07/20-proyectos-emprendedores-rurales-de-la-sierra-de-huelva-se-potencian-a-partir-del-regenerarural/","Huelva y pueblos","2026-05-21"
"mrpublisevilla@gmail.com","Mrpublisevilla","agencia marketing","https://mrpublisevilla.com/publicidad-en-mano-reparto-en-huelva","Huelva y pueblos","2026-05-21"
"creadoreswebhuelva@gmail.com","Creadores Web Huelva","agencia marketing","https://creadoreswebhuelva.com/paginas-web-huelva/","Huelva y pueblos","2026-05-21"
"info@franquimedia.com","Franquiciator","agencia marketing","https://www.franquiciator.es/franquicias-en/huelva/","Huelva y pueblos","2026-05-21"
"info@agenciasmarketing.com","AgenciasMarketing","agencia marketing","https://www.agenciasmarketing.com/solicitar-presupuesto/","Huelva y pueblos","2026-05-21"
"informacion@bayonuba.com","-","agencia inmobiliaria","https://www.bayonuba.com/","Huelva y pueblos","2026-05-21"
"serraneando@inmo.com.es","Serraneando","agencia inmobiliaria","https://www.serraneando.es/es/","Huelva y pueblos","2026-05-21"
"info@viajeroscallejeros.com","Blog de viajes para viajar por libre - Viajeros Callejeros","restaurante","https://www.viajeroscallejeros.com/donde-comer-en-huelva/","Huelva y pueblos","2026-05-21"
"privacidad@gastronosfera.com","Tapas en Huelva: los mejores bares para tapear como un local","bar de tapas","https://www.gastronosfera.com/top-lists/tapas-en-huelva-los-mejores-bares-para-tapear-como-un-local","Huelva y pueblos","2026-05-21"
"contacta@naturalezayviajes.com","Naturaleza y Viajes","bar de tapas","https://naturalezayviajes.com/mejores-bares-comer-tapas-tapear-huelva/","Huelva y pueblos","2026-05-21"
"info@berrocalrural.es","Las tapas – Berrocal Rural","bar de tapas","https://berrocalrural.es/las-tapas/","Huelva y pueblos","2026-05-21"
"info@aglupan.com","Aglupan","panaderia","https://www.aglupan.es/","Huelva y pueblos","2026-05-21"
"tu@email.com","Tiendas de ropa en España","tienda de ropa","https://nicanora.es/tienda-ropa/tienda-de-ropa-y-complementos/","Huelva y pueblos","2026-05-21"
"info@masdehuelvaqueunchoco.com","Mas de Huelva que un choco","tienda de ropa","https://masdehuelvaqueunchoco.com/","Huelva y pueblos","2026-05-21"
"reservas@fuertehoteles.com","Blog Fuerte Hoteles","tienda de ropa","https://blog.fuertehoteles.com/destinos/turismo-huelva-pueblos/","Huelva y pueblos","2026-05-21"
"comercial@minube.com","Centros comerciales en la provincia de Huelva: Plan de compras","tienda de ropa","https://www.minube.com/categorias/centros-comerciales-huelva-provincia","Huelva y pueblos","2026-05-21"
"marketing@openblue24h.com","Lavanderías en Huelva","tienda de ropa","https://openblue24h.com/lavanderias/comunidad/huelva/","Huelva y pueblos","2026-05-21"
"parainternet@elnortedecastilla.es","El Norte de Castilla","zapateria","https://www.elnortedecastilla.es/valladolid/adios-zapateria-antigua-valladolid-ultimo-dia-abierta-20250828125154-nt.html","Huelva y pueblos","2026-05-21"
"redaccion@salamancahoy.es","Salamancahoy","zapateria","https://www.salamancahoy.es/salamanca/ciudad/zapateria-infantil-salamanca-paraiso-pequenos-medio-siglo-20240913083203-nt.html","Huelva y pueblos","2026-05-21"
"edigitales@hoy.es","Hoy","zapateria","https://www.hoy.es/badajoz/cierra-martinez-olgado-zapateria-antigua-badajoz-calzado-comodo-comercio-20260110183720-nt.html","Huelva y pueblos","2026-05-21"
"info@atrapamuebles.com","Atrapamuebles","tienda muebles","https://www.atrapamuebles.com/ciudades/tiendas-de-muebles-en-huelva","Huelva y pueblos","2026-05-21"
"comercial@sofass.com","SOFASS® Tienda Online","tienda muebles","https://www.bigsofassycolchoness.com/tienda-de-sofas-y-colchones-huelva.html","Huelva y pueblos","2026-05-21"
"torrellanos@gmail.com","Muebles Baratos en la Comunidad de Andalucía","tienda muebles","https://www.ahorrototal.com/comunidades/217-muebles-baratos-Andalucia?srsltid=AfmBOoppakf0wT6cWFcovJ2SwScNp8wtBKcjzQHFTk4_64wscQ7zvjc2","Huelva y pueblos","2026-05-21"
"info@muebleslafabrica.com","Muebles y Decoracion – Tienda Muebles","tienda muebles","https://www.muebleslafabrica.com/?srsltid=AfmBOooga8dgXYSg03d1ynGyX4gr6v2DRIRLvj8OGVrNKjFMbL9tNVBj","Huelva y pueblos","2026-05-21"
"info@gaulan.es","Comprar Papel pintado Huelva","tienda muebles","https://www.gaulan.es/papel-pintado-huelva","Huelva y pueblos","2026-05-21"
"la_barqueta_aya@hotmail.com","Ferretería en Huelva","ferreteria","https://www.materialeslabarqueta.es/ferreteria","Huelva y pueblos","2026-05-21"
"comercial@ferronuba.com","Sobre Ferronuba | Somos tu ferretería industrial en Huelva","ferreteria","https://ferronuba.com/ferreteria-industrial","Huelva y pueblos","2026-05-21"
"info@comprarmejoronline.com","GuÃ­a Comprar Mejor Online","ferreteria","https://www.comprarmejoronline.com/ferreterias-en-huelva.html","Huelva y pueblos","2026-05-21"
"ehlis@ehlis.es","Ferreterías cerca de ti - Cadena88","ferreteria","https://www.cadena88.com/es/store/ferreteriafari%C3%B1a","Huelva y pueblos","2026-05-21"
